Sr.No,Name,Rating,Reviews,Manufacture,ASIN
1,,,,,
Sr.No,Name,Rating,Reviews,Manufacture,ASIN
2,,,,,
Sr.No,Name,Rating,Reviews,Manufacture,ASIN
3,,,,,
Sr.No,Name,Rating,Reviews,Manufacture,ASIN
4,,,,,
Sr.No,Name,Rating,Reviews,Manufacture,ASIN
5,,,,,
Sr.No,Name,Rating,Reviews,Manufacture,ASIN
6,,,,,
Sr.No,Name,Rating,Reviews,Manufacture,ASIN
7,,,,,
Sr.No,Name,Rating,Reviews,Manufacture,ASIN
8,,,,,
Sr.No,Name,Rating,Reviews,Manufacture,ASIN
9,,,,,
Sr.No,Name,Rating,Reviews,Manufacture,ASIN
10,,,,,
Sr.No,Name,Rating,Reviews,Manufacture,ASIN
11,,,,,
Sr.No,Name,Rating,Reviews,Manufacture,ASIN
12,,,,,
Sr.No,Name,Rating,Reviews,Manufacture,ASIN
13,,,,,
Sr.No,Name,Rating,Reviews,Manufacture,ASIN
14,,,,,
Sr.No,Name,Rating,Reviews,Manufacture,ASIN
15,"AirCase Laptop Bag Backpack Case Pouch for Laptop Backpack for Men & Women,Premium Vegan Leather",,"1,095 ratings",,
Sr.No,Name,Rating,Reviews,Manufacture,ASIN
16,,,,,
Sr.No,Name,Rating,Reviews,Manufacture,ASIN
17,,,,,
Sr.No,Name,Rating,Reviews,Manufacture,ASIN
18,,,,,
Sr.No,Name,Rating,Reviews,Manufacture,ASIN
19,,,,,
Sr.No,Name,Rating,Reviews,Manufacture,ASIN
20,,,,,
Sr.No,Name,Rating,Reviews,Manufacture,ASIN
21,,,,,
